,0
the,514949
of,347427
to,197136
and,193838
in,171585
is,168333
that,130812
it,112887
as,84526
be,68047
which,65775
this,63047
not,61064
for,58429
or,48080
are,47411
but,47379
by,46637
we,43894
with,41139
from,35701
its,34205
an,33820
have,33751
one,33272
all,31241
on,30800
they,29821
he,26302
only,26282
at,25595
their,25170
if,24875
what,24727
has,23469
can,22646
other,22002
itself,21324
being,21224
so,21211
no,20973
his,20925
there,19739
them,19474
was,19382
will,19235
would,19137
more,17744
such,17278
any,17004
our,16785
these,15404
same,14954
than,14671
when,14647
into,14577
must,14198
may,13010
who,12980
us,11828
time,11669
been,11650
even,11614
do,11605
world,11520
does,11438
also,11106
those,10974
my,10948
were,10819
some,10725
first,10720
then,10316
because,9934
nature,9779
things,9523
man,9507
had,9408
therefore,9394
without,9342
reason,9269
own,9218
two,9109
thus,8991
way,8868
her,8770
very,8556
through,8222
now,8133
should,8091
say,8053
between,7973
object,7965
upon,7926
she,7884
him,7863
form,7772
about,7692
sense,7598
something,7504
out,7408
most,7343
could,7265
true,7251
cannot,7235
since,7086
another,7078
different,6929
every,6901
self,6875
here,6747
truth,6746
part,6722
how,6711
idea,6705
me,6704
certain,6698
general,6681
order,6606
you,6601
nothing,6583
thing,6568
means,6512
case,6491
fact,6469
possible,6435
like,6419
knowledge,6373
always,6345
however,6333
existence,6259
ideas,6236
mind,6191
body,6182
each,6161
value,6158
god,6152
make,6116
yet,6102
up,6075
power,6053
thought,6049
present,6028
given,6028
men,6026
great,5980
where,5890
consciousness,5861
just,5847
concept,5842
much,5822
see,5814
still,5789
themselves,5744
life,5736
whole,5685
might,5571
relation,5561
labour,5472
know,5456
though,5443
experience,5424
both,5322
particular,5266
never,5228
well,5176
made,5146
good,5129
use,5122
within,5052
question,5050
far,5016
state,4992
natural,4952
many,4802
necessary,4802
subject,4787
rather,4774
new,4731
think,4692
whether,4684
himself,4681
before,4675
matter,4644
over,4642
under,4534
point,4529
objects,4485
nor,4388
place,4388
language,4384
said,4363
work,4347
human,4343
already,4330
merely,4281
pure,4250
law,4213
less,4187
people,4155
others,4145
real,4138
kind,4104
according,4085
hand,4074
either,4066
am,4060
against,4043
after,4001
too,3999
meaning,3997
words,3962
difference,3910
cause,3873
take,3789
understanding,3758
called,3679
principle,3662
become,3656
shall,3626
woman,3599
universal,3545
women,3490
end,3468
capital,3462
perhaps,3452
right,3450
find,3432
give,3424
example,3410
essence,3396
makes,3342
system,3286
word,3252
theory,3238
money,3229
did,3207
simple,3183
view,3170
absolute,3162
unity,3159
terms,3148
common,3119
love,3113
latter,3095
seems,3092
indeed,3089
number,3081
let,3073
science,3072
laws,3031
above,3024
least,3017
content,3004
taken,3001
space,2993
long,2984
whose,2983
second,2972
production,2970
greater,2964
little,2944
longer,2941
having,2925
again,2922
price,2920
parts,2898
produce,2896
free,2892
soul,2872
beings,2857
individual,2838
while,2830
movement,2815
once,2802
philosophy,2801
person,2799
course,2790
everything,2774
found,2742
further,2736
contrary,2731
reality,2725
interest,2710
why,2710
together,2710
among,2707
come,2705
becomes,2702
often,2684
able,2670
thinking,2652
freedom,2626
act,2614
ever,2607
day,2607
name,2600
manner,2600
possibility,2597
effect,2584
determined,2577
regard,2576
hence,2567
determination,2555
history,2546
action,2538
external,2531
moment,2526
desire,2492
spirit,2480
conditions,2465
condition,2463
ground,2460
clear,2450
need,2444
mean,2439
actual,2434
call,2433
anything,2425
forms,2416
quantity,2404
respect,2382
really,2378
representation,2376
society,2375
alone,2373
moral,2368
essential,2368
proposition,2366
infinite,2362
objective,2361
madness,2359
neither,2357
relations,2322
immediate,2316
quite,2309
believe,2298
mere,2297
necessity,2295
social,2294
force,2293
exist,2279
bodies,2272
perception,2247
set,2246
cases,2242
identity,2231
country,2222
motion,2220
necessarily,2219
else,2213
principles,2205
process,2204
causes,2201
says,2182
character,2173
simply,2166
beyond,2144
property,2142
supposed,2140
known,2136
seen,2133
de,2126
immediately,2125
problem,2117
back,2099
account,2097
concepts,2095
false,2061
sometimes,2051
although,2047
three,2042
pleasure,2038
gives,2030
empirical,2019
light,2010
last,2004
consider,2001
result,1987
remains,1971
precisely,1966
substance,1964
senses,1957
myself,1956
equal,1936
speak,1928
sort,1927
doubt,1921
analysis,1916
appears,1912
your,1911
suppose,1910
notion,1899
go,1897
consequently,1886
basis,1881
whatever,1858
death,1853
takes,1853
side,1853
term,1850
change,1850
ourselves,1846
original,1843
reference,1841
understand,1840
enough,1838
away,1828
used,1821
reflection,1815
follows,1814
belief,1813
making,1811
virtue,1810
distinct,1800
comes,1796
degree,1778
years,1777
times,1776
priori,1775
abstract,1771
impossible,1768
single,1765
instead,1763
seem,1761
former,1760
appearance,1757
past,1754
considered,1752
trade,1751
put,1748
entirely,1737
small,1736
non,1731
expression,1729
better,1729
method,1726
dasein,1726
thereby,1720
negative,1719
outside,1711
equally,1711
pain,1710
names,1707
namely,1706
old,1699
several,1693
almost,1685
land,1676
following,1673
appear,1668
imagination,1667
ought,1667
actually,1662
century,1652
exists,1651
children,1647
absolutely,1642
sensible,1629
certainly,1625
future,1617
class,1616
understood,1612
species,1605
toward,1604
capable,1603
commodities,1600
propositions,1598
logic,1597
towards,1587
cognition,1583
structure,1583
judgment,1580
function,1571
feeling,1564
evil,1563
extent,1563
knows,1562
rule,1556
down,1552
distinction,1544
series,1543
proper,1543
logical,1541
physical,1535
turn,1534
connection,1527
instance,1523
sufficient,1521
situation,1520
whom,1514
rate,1512
clearly,1510
concerning,1510
purpose,1508
wages,1505
show,1500
subjective,1497
rise,1490
proportion,1488
